arxiv_id	status	pdf_path	cited_by
0909.4766	pdf-only	pdf/0909/0909.4766v2.pdf	Adiabatic Algorithms
0911.3635	pdf-only	pdf/0911/0911.3635v2.pdf	Preparing Eigenstates and Thermal States
0911.4724	pdf-only	pdf/0911/0911.4724v1.pdf	Hidden Shift; Convex Optimization
0912.4807	pdf-only	pdf/0912/0912.4807v1.pdf	Principal Ideal
1001.3855	pdf-only	pdf/1001/1001.3855v3.pdf	Preparing Eigenstates and Thermal States
1005.1601	pdf-only	pdf/1005/1005.1601v1.pdf	Formula Evaluation
1010.2745	pdf-only	pdf/1010/1010.2745v2.pdf	Linear Systems; Solving Linear Differential Equations
1010.3654	pdf-only	pdf/1010/1010.3654v2.pdf	Bernstein-Vazirani
1010.4458	pdf-only	pdf/1010/1010.4458v2.pdf	Searching; Linear Systems
1011.1443	pdf-only	pdf/1011/1011.1443v2.pdf	Graph Properties in the Adjacency Matrix Model
1011.3245	pdf-only	pdf/1011/1011.3245v1.pdf	Probabilistic Sampling
1012.3174	pdf-only	pdf/1012/1012.3174v3.pdf	Graph Properties in the Adjacency List Model
1012.4019	pdf-only	pdf/1012/1012.4019v3.pdf	Quantum Cryptanalysis
1102.1360	pdf-only	pdf/1102/1102.1360v1.pdf	Simulating Quantum Hamiltonian Dynamics
1102.2389	pdf-only	pdf/1102/1102.2389v4.pdf	Preparing Eigenstates and Thermal States
1103.1345	pdf-only	pdf/1103/1103.1345v3.pdf	Adiabatic Algorithms
1103.3017	pdf-only	pdf/1103/1103.3017v1.pdf	Hidden Shift
1104.1410	pdf-only	pdf/1104/1104.1410v2.pdf	Preparing Eigenstates and Thermal States
1105.3310	pdf-only	pdf/1105/1105.3310v3.pdf	Convex Optimization; Machine Learning
1105.3986	pdf-only	pdf/1105/1105.3986v4.pdf	Simulating Quantum Hamiltonian Dynamics
1105.4024	pdf-only	pdf/1105/1105.4024v1.pdf	Graph Properties in the Adjacency Matrix Model
1108.3022	pdf-only	pdf/1108/1108.3022v1.pdf	Collision Finding and Element Distinctness
1109.5135	pdf-only	pdf/1109/1109.5135v3.pdf	Graph Properties in the Adjacency Matrix Model
1110.2494	pdf-only	pdf/1110/1110.2494v3.pdf	Adiabatic Algorithms
1111.1462	pdf-only	pdf/1111/1111.1462v2.pdf	Machine Learning
1111.3633	pdf-only	pdf/1111/1111.3633v2.pdf	Simulating Quantum Hamiltonian Dynamics
1112.3333	pdf-only	pdf/1112/1112.3333v1.pdf	Non-Abelian Hidden Subgroup
1112.4833	pdf-only	pdf/1112/1112.4833v2.pdf	Simulating Quantum Hamiltonian Dynamics
1112.5855	pdf-only	pdf/1112/1112.5855v2.pdf	Graph Collision; Matrix Multiplication over Semirings
1202.5822	pdf-only	pdf/1202/1202.5822v1.pdf	Simulating Quantum Hamiltonian Dynamics
1203.2603	pdf-only	pdf/1203/1203.2603v1.pdf	Graph Properties in the Adjacency Matrix Model
1204.1527	pdf-only	pdf/1204/1204.1527v1.pdf	Graph Collision
1204.2318	pdf-only	pdf/1204/1204.2318v3.pdf	Adiabatic Algorithms
1204.5242	pdf-only	pdf/1204/1204.5242v2.pdf	Linear Systems
1205.1534	pdf-only	pdf/1205/1205.1534v2.pdf	Collision Finding and Element Distinctness; Graph Collision
1206.6528	pdf-only	pdf/1206/1206.6528v2.pdf	Subset finding
1207.2485	pdf-only	pdf/1207/1207.2485v3.pdf	Solving Linear Differential Equations
1208.3757	pdf-only	pdf/1208/1208.3757v2.pdf	Adiabatic Algorithms
1210.1014	pdf-only	pdf/1210/1210.1014v1.pdf	Graph Properties in the Adjacency Matrix Model
1210.1148	pdf-only	pdf/1210/1210.1148v4.pdf	Search with Wildcards; Junta Testing and Group Testing
1210.1199	pdf-only	pdf/1210/1210.1199v1.pdf	Graph Properties in the Adjacency Matrix Model
1210.1550	pdf-only	pdf/1210/1210.1550v2.pdf	Knot Invariants
1211.4050	pdf-only	pdf/1211/1211.4050v1.pdf	Preparing Eigenstates and Thermal States
1301.2340	pdf-only	pdf/1301/1301.2340v4.pdf	Linear Systems; Solving Linear Differential Equations
1301.6176	pdf-only	pdf/1301/1301.6176v1.pdf	Quantum Cryptanalysis; Searching
1302.7316	pdf-only	pdf/1302/1302.7316v1.pdf	Collision Finding and Element Distinctness
1303.6055	pdf-only	pdf/1303/1303.6055v4.pdf	Machine Learning
1304.5773	pdf-only	pdf/1304/1304.5773v2.pdf	Adiabatic Algorithms
1305.1327	pdf-only	pdf/1305/1305.1327v1.pdf	Group Isomorphism
1305.1543	pdf-only	pdf/1305/1305.1543v2.pdf	Hidden Nonlinear Structures; Machine Learning
1306.1147	pdf-only	pdf/1306/1306.1147v1.pdf	Preparing Eigenstates and Thermal States
1306.2301	pdf-only	pdf/1306/1306.2301v2.pdf	Quantum Cryptanalysis
1307.3595	pdf-only	pdf/1307/1307.3595v1.pdf	Simulating Quantum Hamiltonian Dynamics
1308.1415	pdf-only	pdf/1308/1308.1415v2.pdf	Non-Abelian Hidden Subgroup
1308.5424	pdf-only	pdf/1308/1308.5424v3.pdf	Simulating Quantum Hamiltonian Dynamics
1309.7713	pdf-only	pdf/1309/1309.7713v3.pdf	Graph Properties in the Adjacency Matrix Model
1310.3898	pdf-only	pdf/1310/1310.3898v1.pdf	Matrix Multiplication over Semirings
1310.4127	pdf-only	pdf/1310/1310.4127v2.pdf	Graph Properties in the Adjacency Matrix Model
1310.6238	pdf-only	pdf/1310/1310.6238v2.pdf	Discrete-log
1310.7766	pdf-only	pdf/1310/1310.7766v1.pdf	Preparing Eigenstates and Thermal States
1310.7903	pdf-only	pdf/1310/1310.7903v4.pdf	Discrete-log
1311.1851	pdf-only	pdf/1311/1311.1851v10.pdf	Electrical Resistance; Linear Systems
1311.6474	pdf-only	pdf/1311/1311.6474v1.pdf	Preparing Eigenstates and Thermal States
1311.6777	pdf-only	pdf/1311/1311.6777v3.pdf	Junta Testing and Group Testing
1312.1414	pdf-only	pdf/1312/1312.1414v2.pdf	Simulating Quantum Hamiltonian Dynamics
1312.2579	pdf-only	pdf/1312/1312.2579v2.pdf	Preparing Eigenstates and Thermal States
1401.2142	pdf-only	pdf/1401/1401.2142v2.pdf	Machine Learning
1401.4997	pdf-only	pdf/1401/1401.4997v2.pdf	Machine Learning
1403.1539	pdf-only	pdf/1403/1403.1539v2.pdf	Simulating Quantum Hamiltonian Dynamics
1403.2228	pdf-only	pdf/1403/1403.2228v2.pdf	Searching
1403.2975	pdf-only	pdf/1403/1403.2975v3.pdf	Factoring
1403.5861	pdf-only	pdf/1403/1403.5861v3.pdf	Deutsch-Jozsa
1404.7115	pdf-only	pdf/1404/1404.7115v1.pdf	Simulating Quantum Hamiltonian Dynamics
1405.7479	pdf-only	pdf/1405/1405.7479v2.pdf	Decoding
1407.5088	pdf-only	pdf/1407/1407.5088v1.pdf	Machine Learning
1408.1816	pdf-only	pdf/1408/1408.1816v3.pdf	Pattern matching
1408.3106	pdf-only	pdf/1408/1408.3106v2.pdf	Linear Systems; Machine Learning
1409.3097	pdf-only	pdf/1409/1409.3097v1.pdf	Machine Learning
1409.3435	pdf-only	pdf/1409/1409.3435v3.pdf	Preparing Eigenstates and Thermal States
1409.5876	pdf-only	pdf/1409/1409.5876v2.pdf	Searching
1410.1434	pdf-only	pdf/1410/1410.1434v2.pdf	Quantum Cryptanalysis
1411.4028	pdf-only	pdf/1411/1411.4028v1.pdf	Quantum Approximate Optimization
1411.5729	pdf-only	pdf/1411/1411.5729v1.pdf	Bernstein-Vazirani
1412.3489	pdf-only	pdf/1412/1412.3489v2.pdf	Machine Learning
1412.4687	pdf-only	pdf/1412/1412.4687v1.pdf	Simulating Quantum Hamiltonian Dynamics
1412.6062	pdf-only	pdf/1412/1412.6062v2.pdf	Quantum Approximate Optimization
1501.01715	pdf-only	pdf/1501/1501.01715v3.pdf	Simulating Quantum Hamiltonian Dynamics; Solving Linear Differential Equations
1503.06319	pdf-only	pdf/1503/1503.06319v2.pdf	Simulating Quantum Hamiltonian Dynamics
1504.06987	pdf-only	pdf/1504/1504.06987v3.pdf	Statistical Difference; Partition Functions; Simulated Annealing
1505.03424	not-in-raw		Quantum Approximate Optimization
1505.06552	pdf-only	pdf/1505/1505.06552v2.pdf	Solving Linear Differential Equations
1507.03126	pdf-only	pdf/1507/1507.03126v1.pdf	Junta Testing and Group Testing
1508.00570	pdf-only	pdf/1508/1508.00570v2.pdf	Preparing Eigenstates and Thermal States
1508.01327	pdf-only	pdf/1508/1508.01327v3.pdf	Searching
1509.02374	pdf-only	pdf/1509/1509.02374v2.pdf	Polynomial Quantum Speedups for Constraint Satisfaction Problems
1509.05806	pdf-only	pdf/1509/1509.05806v2.pdf	Non-Abelian Hidden Subgroup
1509.09271	pdf-only	pdf/1509/1509.09271v2.pdf	Polynomial interpolation
1510.05836	pdf-only	pdf/1510/1510.05836v3.pdf	Quantum Cryptanalysis
1510.06356	pdf-only	pdf/1510/1510.06356v1.pdf	Machine Learning
1510.07825	pdf-only	pdf/1510/1510.07825v1.pdf	Graph Properties in the Adjacency Matrix Model
1511.01937	pdf-only	pdf/1511/1511.01937v2.pdf	Bernstein-Vazirani
1511.02306	pdf-only	pdf/1511/1511.02306v2.pdf	Linear Systems
1511.04385	pdf-only	pdf/1511/1511.04385v3.pdf	Factoring
1512.02900	pdf-only	pdf/1512/1512.02900v1.pdf	Machine Learning
1512.03416	pdf-only	pdf/1512/1512.03416v1.pdf	Simulating Quantum Hamiltonian Dynamics
1512.03929	pdf-only	pdf/1512/1512.03929v1.pdf	Machine Learning
1512.04965	pdf-only	pdf/1512/1512.04965v1.pdf	Quantum Cryptanalysis
1512.05903	pdf-only	pdf/1512/1512.05903v2.pdf	Linear Systems; Solving Linear Differential Equations
1601.01744	pdf-only	pdf/1601/1601.01744v1.pdf	Quantum Approximate Optimization
1601.02036	pdf-only	pdf/1601/1601.02036v1.pdf	Machine Learning
1601.04212	pdf-only	pdf/1601/1601.04212v2.pdf	Searching
1601.07823	pdf-only	pdf/1601/1601.07823v2.pdf	Machine Learning
1602.04799	pdf-only	pdf/1602/1602.04799v1.pdf	Machine Learning
1602.07674	pdf-only	pdf/1602/1602.07674v2.pdf	Quantum Approximate Optimization
1603.02940	pdf-only	pdf/1603/1603.02940v1.pdf	Preparing Eigenstates and Thermal States; Semidefinite Programming
1603.06985	pdf-only	pdf/1603/1603.06985v1.pdf	Preparing Eigenstates and Thermal States
1603.07856	pdf-only	pdf/1603/1603.07856v3.pdf	Quantum Cryptanalysis
1603.08675	pdf-only	pdf/1603/1603.08675v3.pdf	Linear Systems; Machine Learning
1603.09383	pdf-only	pdf/1603/1603.09383v3.pdf	Quantum Cryptanalysis
1604.01384	pdf-only	pdf/1604/1604.01384v2.pdf	Linear Systems
1605.03590	pdf-only	pdf/1605/1605.03590v2.pdf	Simulating Quantum Hamiltonian Dynamics
1605.05370	pdf-only	pdf/1605/1605.05370v1.pdf	Quantum Approximate Optimization
1605.07541	pdf-only	pdf/1605/1605.07541v2.pdf	Machine Learning
1606.02685	pdf-only	pdf/1606/1606.02685v2.pdf	Simulating Quantum Hamiltonian Dynamics
1606.03443	pdf-only	pdf/1606/1606.03443v3.pdf	Simulating Quantum Hamiltonian Dynamics
1606.06301	pdf-only	pdf/1606/1606.06301v2.pdf	Preparing Eigenstates and Thermal States
1607.00932	pdf-only	pdf/1607/1607.00932v3.pdf	Machine Learning
1607.03236	pdf-only	pdf/1607/1607.03236v3.pdf	Non-Abelian Hidden Subgroup
1607.06473	pdf-only	pdf/1607/1607.06473v3.pdf	Quantum Approximate Optimization
1608.02005	pdf-only	pdf/1608/1608.02005v1.pdf	Non-Abelian Hidden Subgroup; Hidden Shift
1608.02184	pdf-only	pdf/1608/1608.02184v3.pdf	Linear Systems
1609.02542	pdf-only	pdf/1609/1609.02542v4.pdf	Machine Learning
1609.05537	pdf-only	pdf/1609/1609.05537v5.pdf	Semidefinite Programming
1609.07786	pdf-only	pdf/1609/1609.07786v2.pdf	Graph Properties in the Adjacency Matrix Model
1610.00581	pdf-only	pdf/1610/1610.00581v1.pdf	Graph Properties in the Adjacency Matrix Model; Graph Properties in the Adjacency List Model
1610.06546	pdf-only	pdf/1610/1610.06546v3.pdf	Simulating Quantum Hamiltonian Dynamics
1611.05484	pdf-only	pdf/1611/1611.05484v3.pdf	Simulating Quantum Hamiltonian Dynamics
1611.05543	pdf-only	pdf/1611/1611.05543v3.pdf	Simulating Quantum Hamiltonian Dynamics
1611.08104	pdf-only	pdf/1611/1611.08104v1.pdf	Machine Learning
1611.09347	pdf-only	pdf/1611/1611.09347v2.pdf	Machine Learning
1612.05695	pdf-only	pdf/1612/1612.05695v3.pdf	Machine Learning
1612.08958	pdf-only	pdf/1612/1612.08958v1.pdf	Searching
1612.09512	pdf-only	pdf/1612/1612.09512v3.pdf	Simulating Quantum Hamiltonian Dynamics
1701.03684	pdf-only	pdf/1701/1701.03684v2.pdf	Solving Linear Differential Equations
1701.03990	pdf-only	pdf/1701/1701.03990v2.pdf	Polynomial interpolation
1701.06806	pdf-only	pdf/1701/1701.06806v3.pdf	Machine Learning
1704.04992	pdf-only	pdf/1704/1704.04992v5.pdf	Machine Learning
1704.06174	pdf-only	pdf/1704/1704.06174v2.pdf	Linear Systems
1704.06774	pdf-only	pdf/1704/1704.06774v3.pdf	Polynomial Quantum Speedups for Constraint Satisfaction Problems
1705.01843	pdf-only	pdf/1705/1705.01843v4.pdf	Semidefinite Programming
1706.06752	pdf-only	pdf/1706/1706.06752v3.pdf	Discrete-log
1710.02581	pdf-only	pdf/1710/1710.02581v3.pdf	Semidefinite Programming
1711.00465	pdf-only	pdf/1711/1711.00465v3.pdf	Gradient Estimation and Learning Polynomials
1711.02616	pdf-only	pdf/1711/1711.02616v1.pdf	Primality Proving
1711.04006	pdf-only	pdf/1711/1711.04006v3.pdf	Simulating Quantum Hamiltonian Dynamics
1711.05394	pdf-only	pdf/1711/1711.05394v4.pdf	Simulating Quantum Hamiltonian Dynamics; Linear Systems; Solving Linear Differential Equations
1711.10460	pdf-only	pdf/1711/1711.10460v3.pdf	Preparing Eigenstates and Thermal States
1711.11025	pdf-only	pdf/1711/1711.11025v3.pdf	Preparing Eigenstates and Thermal States
1711.11336	pdf-only	pdf/1711/1711.11336v3.pdf	Collision Finding and Element Distinctness
1712.00446	pdf-only	pdf/1712/1712.00446v3.pdf	Simulating Quantum Hamiltonian Dynamics
1712.03193	pdf-only	pdf/1712/1712.03193v2.pdf	Preparing Eigenstates and Thermal States
1712.06239	pdf-only	pdf/1712/1712.06239v3.pdf	Quantum Cryptanalysis
1801.03922	pdf-only	pdf/1801/1801.03922v4.pdf	Simulating Quantum Hamiltonian Dynamics
1802.03856	pdf-only	pdf/1802/1802.03856v2.pdf	Quantum Cryptanalysis
1802.10124	pdf-only	pdf/1802/1802.10124v3.pdf	Searching; Polynomial Quantum Speedups for Constraint Satisfaction Problems
1805.00109	pdf-only	pdf/1805/1805.00109v2.pdf	Solving Nonlinear Differential Equations
1805.00582	pdf-only	pdf/1805/1805.00582v1.pdf	Simulating Quantum Hamiltonian Dynamics
1805.00675	pdf-only	pdf/1805/1805.00675v2.pdf	Simulating Quantum Hamiltonian Dynamics
1806.01838	pdf-only	pdf/1806/1806.01838v1.pdf	Searching; Preparing Eigenstates and Thermal States; Linear Systems; Machine Learning
1806.09660	pdf-only	pdf/1806/1806.09660v1.pdf	Hidden Shift
1806.11463	pdf-only	pdf/1806/1806.11463v3.pdf	Machine Learning
1807.04271	pdf-only	pdf/1807/1807.04271v3.pdf	Linear Systems; Machine Learning
1807.05209	pdf-only	pdf/1807/1807.05209v1.pdf	Quantum Dynamic Programming for path-in-the-hypercube
1809.00643	pdf-only	pdf/1809/1809.00643v4.pdf	Convex Optimization
1809.01731	pdf-only	pdf/1809/1809.01731v3.pdf	Convex Optimization
1809.02622	pdf-only	pdf/1809/1809.02622v1.pdf	Solving Linear Differential Equations
1811.00414	pdf-only	pdf/1811/1811.00414v3.pdf	Linear Systems; Machine Learning
1901.00564	pdf-only	pdf/1901/1901.00564v2.pdf	Simulating Quantum Hamiltonian Dynamics
1901.00961	pdf-only	pdf/1901/1901.00961v1.pdf	Solving Linear Differential Equations
1901.07653	pdf-only	pdf/1901/1901.07653v3.pdf	Preparing Eigenstates and Thermal States
1902.07890	pdf-only	pdf/1902/1902.07890v3.pdf	Adiabatic Algorithms
1904.03180	pdf-only	pdf/1904/1904.03180v1.pdf	Approximating Nash Equilibria
1905.09749	pdf-only	pdf/1905/1905.09749v3.pdf	Factoring
1906.07115	pdf-only	pdf/1906/1906.07115v2.pdf	Simulating Quantum Hamiltonian Dynamics
1907.09418	pdf-only	pdf/1907/1907.09418v2.pdf	Solving Nonlinear Differential Equations
1907.12724	pdf-only	pdf/1907/1907.12724v2.pdf	Tensor Principal Component Analysis
1908.03903	pdf-only	pdf/1908/1908.03903v3.pdf	Convex Optimization
1908.04171	pdf-only	pdf/1908/1908.04171v3.pdf	Searching
1909.04613	pdf-only	pdf/1909/1909.04613v3.pdf	Polynomial Quantum Speedups for Constraint Satisfaction Problems
1909.05500	pdf-only	pdf/1909/1909.05500v3.pdf	Adiabatic Algorithms
1909.13528	pdf-only	pdf/1909/1909.13528v1.pdf	Gradient Estimation and Learning Polynomials
1910.06151	pdf-only	pdf/1910/1910.06151v4.pdf	Semidefinite Programming
1910.09756	pdf-only	pdf/1910/1910.09756v1.pdf	Solving Linear Differential Equations
2002.07868	pdf-only	pdf/2002/2002.07868v2.pdf	Solving Linear Differential Equations
2004.06516	pdf-only	pdf/2004/2004.06516v2.pdf	Solving Linear Differential Equations
2004.11086	pdf-only	pdf/2004/2004.11086v1.pdf	Gradient Estimation and Learning Polynomials
2005.03791	pdf-only	pdf/2005/2005.03791v2.pdf	Adiabatic Algorithms
2006.02660	pdf-only	pdf/2006/2006.02660v2.pdf	Simulating Quantum Hamiltonian Dynamics
2008.07133	pdf-only	pdf/2008/2008.07133v3.pdf	Preparing Eigenstates and Thermal States
2010.01801	pdf-only	pdf/2010/2010.01801v1.pdf	Convex Optimization
2010.02174	pdf-only	pdf/2010/2010.02174v2.pdf	Machine Learning
2011.02165	pdf-only	pdf/2011/2011.02165v2.pdf	Solving Nonlinear Differential Equations
2011.03185	pdf-only	pdf/2011/2011.03185v3.pdf	Solving Nonlinear Differential Equations
2011.06475	pdf-only	pdf/2011/2011.06475v2.pdf	Estimating Determinants and Other Spectral Sums
2011.06492	pdf-only	pdf/2011/2011.06492v1.pdf	Solving Nonlinear Differential Equations
2011.06571	pdf-only	pdf/2011/2011.06571v2.pdf	Solving Nonlinear Differential Equations
2012.06283	pdf-only	pdf/2012/2012.06283v2.pdf	Solving Nonlinear Differential Equations
2101.04023	pdf-only	pdf/2101/2101.04023v4.pdf	Solving Nonlinear Differential Equations
2102.12655	pdf-only	pdf/2102/2102.12655v1.pdf	Simulating Quantum Hamiltonian Dynamics
2105.05608	pdf-only	pdf/2105/2105.05608v1.pdf	Quantum Cryptanalysis
2105.11105	not-in-raw		Factoring
2107.00011	pdf-only	pdf/2107/2107.00011v2.pdf	Knot Invariants
2108.11015	pdf-only	pdf/2108/2108.11015v2.pdf	Lattice Problems by Filtering
2109.14214	pdf-only	pdf/2109/2109.14214v1.pdf	Simulating Quantum Hamiltonian Dynamics
2110.06942	pdf-only	pdf/2110/2110.06942v2.pdf	Simulating Quantum Hamiltonian Dynamics
2110.13086	pdf-only	pdf/2110/2110.13086v2.pdf	Convex Optimization
2110.14206	pdf-only	pdf/2110/2110.14206v3.pdf	Quantum Approximate Optimization
2111.00405	pdf-only	pdf/2111/2111.00405v2.pdf	Quantum Cryptanalysis
2111.08152	pdf-only	pdf/2111/2111.08152v1.pdf	Adiabatic Algorithms; Linear Systems
2111.09787	pdf-only	pdf/2111/2111.09787v2.pdf	Searching
2201.13450	pdf-only	pdf/2201/2201.13450v1.pdf	Quantum Cryptanalysis
2202.01054	pdf-only	pdf/2202/2202.01054v5.pdf	Solving Nonlinear Differential Equations
2202.12965	pdf-only	pdf/2202/2202.12965v1.pdf	Machine Learning
2203.08882	pdf-only	pdf/2203/2203.08882v2.pdf	Preparing Eigenstates and Thermal States
2204.02063	pdf-only	pdf/2204/2204.02063v3.pdf	Optimization by Decoded Quantum Interferometry
2205.01141	pdf-only	pdf/2205/2205.01141v2.pdf	Solving Nonlinear Differential Equations
2205.14023	pdf-only	pdf/2205/2205.14023v1.pdf	Collision Finding and Element Distinctness
2206.11772	pdf-only	pdf/2206/2206.11772v4.pdf	Double-bracket quantum algorithms
2206.14736	pdf-only	pdf/2206/2206.14736v3.pdf	Simulating Quantum Hamiltonian Dynamics
2207.08643	pdf-only	pdf/2207/2207.08643v2.pdf	Partition Functions
2208.06909	pdf-only	pdf/2208/2208.06909v1.pdf	Quantum Approximate Optimization
2208.07544	pdf-only	pdf/2208/2208.07544v1.pdf	Searching
2208.13492	pdf-only	pdf/2208/2208.13492v4.pdf	Collision Finding and Element Distinctness
2209.05048	pdf-only	pdf/2209/2209.05048v3.pdf	Simulating Quantum Hamiltonian Dynamics
2209.12887	pdf-only	pdf/2209/2209.12887v3.pdf	Machine Learning
2209.13581	pdf-only	pdf/2209/2209.13581v3.pdf	Machine Learning
2210.06539	pdf-only	pdf/2210/2210.06539v1.pdf	Probabilistic Sampling
2212.01513	pdf-only	pdf/2212/2212.01513v2.pdf	Searching; Polynomial Quantum Speedups for Constraint Satisfaction Problems
2212.14781	pdf-only	pdf/2212/2212.14781v3.pdf	Linear Systems
2301.03763	pdf-only	pdf/2301/2301.03763v1.pdf	Approximating Nash Equilibria
2302.03394	pdf-only	pdf/2302/2302.03394v1.pdf	Preparing Eigenstates and Thermal States
2302.11454	pdf-only	pdf/2302/2302.11454v3.pdf	Matrix Elements and Multiplicity Coefficients of Group Representations
2303.01029	pdf-only	pdf/2303/2303.01029v2.pdf	Simulating Quantum Hamiltonian Dynamics
2303.01471	pdf-only	pdf/2303/2303.01471v1.pdf	Adiabatic Algorithms
2303.13012	pdf-only	pdf/2303/2303.13012v3.pdf	Solving Linear Differential Equations
2303.18224	pdf-only	pdf/2303/2303.18224v2.pdf	Preparing Eigenstates and Thermal States
2308.02342	pdf-only	pdf/2308/2308.02342v2.pdf	Quantum Approximate Optimization
2308.07956	pdf-only	pdf/2308/2308.07956v1.pdf	Double-bracket quantum algorithms
2310.20651	pdf-only	pdf/2310/2310.20651v1.pdf	Optimization by Decoded Quantum Interferometry
2311.00811	pdf-only	pdf/2311/2311.00811v1.pdf	Adiabatic Algorithms
2311.03215	pdf-only	pdf/2311/2311.03215v3.pdf	Convex Optimization
2311.03408	pdf-only	pdf/2311/2311.03408v1.pdf	Machine Learning
2311.09207	pdf-only	pdf/2311/2311.09207v2.pdf	Preparing Eigenstates and Thermal States
2312.05371	pdf-only	pdf/2312/2312.05371v4.pdf	Simulating Quantum Hamiltonian Dynamics
2312.08867	pdf-only	pdf/2312/2312.08867v3.pdf	Simulating Quantum Hamiltonian Dynamics
2401.06240	pdf-only	pdf/2401/2401.06240v3.pdf	Solving Linear Differential Equations
2401.17255	pdf-only	pdf/2401/2401.17255v4.pdf	Simulating Quantum Hamiltonian Dynamics
2402.10362	pdf-only	pdf/2402/2402.10362v1.pdf	Simulating Quantum Hamiltonian Dynamics
2403.09187	pdf-only	pdf/2403/2403.09187v2.pdf	Double-bracket quantum algorithms
2405.14765	pdf-only	pdf/2405/2405.14765v2.pdf	Computing the Principal Eigenvector
2406.16023	pdf-only	pdf/2406/2406.16023v1.pdf	Preparing Eigenstates and Thermal States
2406.19378	pdf-only	pdf/2406/2406.19378v2.pdf	Optimization by Decoded Quantum Interferometry
2407.03833	pdf-only	pdf/2407/2407.03833v1.pdf	Gradient Estimation and Learning Polynomials
2407.06290	pdf-only	pdf/2407/2407.06290v1.pdf	Solving Linear Differential Equations
2407.17649	pdf-only	pdf/2407/2407.17649v5.pdf	Matrix Elements and Multiplicity Coefficients of Group Representations
2407.21775	pdf-only	pdf/2407/2407.21775v2.pdf	Solving Linear Differential Equations
2408.08292	pdf-only	pdf/2408/2408.08292v5.pdf	Optimization by Decoded Quantum Interferometry
2409.04550	pdf-only	pdf/2409/2409.04550v4.pdf	Solving Linear Differential Equations
2411.12553	pdf-only	pdf/2411/2411.12553v2.pdf	Optimization by Decoded Quantum Interferometry
2412.04554	pdf-only	pdf/2412/2412.04554v2.pdf	Double-bracket quantum algorithms
2501.12378	pdf-only	pdf/2501/2501.12378v2.pdf	Knot Invariants
2502.20253	pdf-only	pdf/2502/2502.20253v2.pdf	Matrix Elements and Multiplicity Coefficients of Group Representations
2503.12789	pdf-only	pdf/2503/2503.12789v2.pdf	Quantum Approximate Optimization
2504.01065	pdf-only	pdf/2504/2504.01065v1.pdf	Double-bracket quantum algorithms
2504.11049	pdf-only	pdf/2504/2504.11049v2.pdf	Estimating Determinants and Other Spectral Sums
2505.07929	pdf-only	pdf/2505/2505.07929v1.pdf	Quantum Approximate Optimization
2509.19966	pdf-only	pdf/2509/2509.19966v2.pdf	Optimization by Decoded Quantum Interferometry
2509.24796	pdf-only	pdf/2509/2509.24796v2.pdf	Optimization by Decoded Quantum Interferometry
2510.06097	pdf-only	pdf/2510/2510.06097v1.pdf	Optimization by Decoded Quantum Interferometry
2510.07298	pdf-only	pdf/2510/2510.07298v2.pdf	Optimization by Decoded Quantum Interferometry
2510.07913	pdf-only	pdf/2510/2510.07913v1.pdf	Optimization by Decoded Quantum Interferometry
2510.08061	pdf-only	pdf/2510/2510.08061v2.pdf	Optimization by Decoded Quantum Interferometry
cond-mat/0012334	not-in-raw		Simulating Quantum Hamiltonian Dynamics
cond-mat/9804280	not-in-raw		Adiabatic Algorithms
cs/0101004	pdf-only	pdf/0101/0101004v1.pdf	Group Isomorphism
cs/0304005	pdf-only	pdf/0304/0304005v1.pdf	Non-Abelian Hidden Subgroup; Optimization by Decoded Quantum Interferometry; Lattice Problems by Filtering
cs/0703129	pdf-only	pdf/0703/0703129v1.pdf	Weight Enumerators
math/0411623	not-in-raw		Zeta Functions
quant-ph/0005055	pdf-only	pdf/0005/0005055v1.pdf	Searching
quant-ph/0007016	pdf-only	pdf/0007/0007016v2.pdf	Graph Properties in the Adjacency Matrix Model; Collision Finding and Element Distinctness
quant-ph/0008059	pdf-only	pdf/0008/0008059v3.pdf	Hidden Shift
quant-ph/0008124	pdf-only	pdf/0008/0008124v3.pdf	Searching
quant-ph/0010077	pdf-only	pdf/0010/0010077v1.pdf	Searching
quant-ph/0011023	pdf-only	pdf/0011/0011023v2.pdf	Group Order and Membership
quant-ph/0011049	pdf-only	pdf/0011/0011049v1.pdf	Pattern matching
quant-ph/0011065	pdf-only	pdf/0011/0011065v2.pdf	Abelian Hidden Subgroup
quant-ph/0011067	pdf-only	pdf/0011/0011067v2.pdf	Hidden Shift
quant-ph/0102014	pdf-only	pdf/0102/0102014v1.pdf	Non-Abelian Hidden Subgroup
quant-ph/0102020	pdf-only	pdf/0102/0102020v1.pdf	Machine Learning
quant-ph/0102078	pdf-only	pdf/0102/0102078v2.pdf	Ordered Search
quant-ph/0104129	pdf-only	pdf/0104/0104129v1.pdf	Adiabatic Algorithms
quant-ph/0107015	pdf-only	pdf/0107/0107015v1.pdf	Adiabatic Algorithms
quant-ph/0108110	pdf-only	pdf/0108/0108110v2.pdf	Simulating Quantum Hamiltonian Dynamics
quant-ph/0201031	pdf-only	pdf/0201/0201031v1.pdf	Adiabatic Algorithms
quant-ph/0202173	pdf-only	pdf/0202/0202173v1.pdf	Machine Learning
quant-ph/0206003	pdf-only	pdf/0206/0206003v1.pdf	Adiabatic Algorithms
quant-ph/0207131	pdf-only	pdf/0207/0207131v1.pdf	Gauss Sums
quant-ph/0208135	pdf-only	pdf/0208/0208135v1.pdf	Adiabatic Algorithms
quant-ph/0209131	pdf-only	pdf/0209/0209131v2.pdf	Welded Tree
quant-ph/0211091	pdf-only	pdf/0211/0211091v4.pdf	Non-Abelian Hidden Subgroup; Hidden Shift
quant-ph/0211124	pdf-only	pdf/0211/0211124v3.pdf	Non-Abelian Hidden Subgroup
quant-ph/0211140	pdf-only	pdf/0211/0211140v1.pdf	Hidden Shift; Polynomial interpolation
quant-ph/0301023	pdf-only	pdf/0301/0301023v2.pdf	Simulating Quantum Hamiltonian Dynamics; Optimization by Decoded Quantum Interferometry; Lattice Problems by Filtering
quant-ph/0301141	pdf-only	pdf/0301/0301141v2.pdf	Discrete-log; Quantum Cryptanalysis
quant-ph/0302112	pdf-only	pdf/0302/0302112v2.pdf	Non-Abelian Hidden Subgroup; Hidden Shift; Pattern matching
quant-ph/0303131	pdf-only	pdf/0303/0303131v1.pdf	Graph Properties in the Adjacency Matrix Model
quant-ph/0303169	pdf-only	pdf/0303/0303169v3.pdf	Graph Properties in the Adjacency Matrix Model
quant-ph/0306054	pdf-only	pdf/0306/0306054v2.pdf	Searching
quant-ph/0309059	pdf-only	pdf/0309/0309059v1.pdf	Machine Learning
quant-ph/0309064	pdf-only	pdf/0309/0309064v2.pdf	Partition Functions; Weight Enumerators
quant-ph/0310134	pdf-only	pdf/0310/0310134v3.pdf	Graph Properties in the Adjacency Matrix Model; Graph Collision
quant-ph/0311001	pdf-only	pdf/0311/0311001v9.pdf	Subset-sum; Collision Finding and Element Distinctness; Subset finding
quant-ph/0311038	pdf-only	pdf/0311/0311038v2.pdf	Subset finding
quant-ph/0401053	pdf-only	pdf/0401/0401053v1.pdf	Simulated Annealing
quant-ph/0401083	pdf-only	pdf/0401/0401083v1.pdf	Non-Abelian Hidden Subgroup
quant-ph/0401091	pdf-only	pdf/0401/0401091v2.pdf	Graph Properties in the Adjacency Matrix Model; Graph Properties in the Adjacency List Model
quant-ph/0405081	pdf-only	pdf/0405/0405081v1.pdf	Zeta Functions
quant-ph/0405098	pdf-only	pdf/0405/0405098v2.pdf	Adiabatic Algorithms
quant-ph/0405146	pdf-only	pdf/0405/0405146v2.pdf	Gradient Estimation and Learning Polynomials
quant-ph/0406151	pdf-only	pdf/0406/0406151v1.pdf	Non-Abelian Hidden Subgroup
quant-ph/0409035	pdf-only	pdf/0409/0409035v2.pdf	Verifying Matrix Products; Matrix Multiplication over Semirings
quant-ph/0411037	pdf-only	pdf/0411/0411037v1.pdf	Non-Abelian Hidden Subgroup
quant-ph/0412033	pdf-only	pdf/0412/0412033v3.pdf	Non-Abelian Hidden Subgroup
quant-ph/0501096	pdf-only	pdf/0501/0501096v1.pdf	Preparing Eigenstates and Thermal States
quant-ph/0503205	pdf-only	pdf/0503/0503205v1.pdf	Searching
quant-ph/0504012	pdf-only	pdf/0504/0504012v1.pdf	Searching; Polynomial Quantum Speedups for Constraint Satisfaction Problems
quant-ph/0504083	pdf-only	pdf/0504/0504083v2.pdf	Non-Abelian Hidden Subgroup
quant-ph/0505007	pdf-only	pdf/0505/0505007v3.pdf	Searching
quant-ph/0506265	pdf-only	pdf/0506/0506265v4.pdf	Group Commutativity
quant-ph/0507190	pdf-only	pdf/0507/0507190v1.pdf	Non-Abelian Hidden Subgroup
quant-ph/0507193	pdf-only	pdf/0507/0507193v1.pdf	Gradient Estimation and Learning Polynomials
quant-ph/0508139	pdf-only	pdf/0508/0508139v2.pdf	Simulating Quantum Hamiltonian Dynamics
quant-ph/0508205	pdf-only	pdf/0508/0508205v2.pdf	Network flows
quant-ph/0509206	pdf-only	pdf/0509/0509206v1.pdf	Matrix Commutativity
quant-ph/0510027	pdf-only	pdf/0510/0510027v1.pdf	Simulating Quantum Hamiltonian Dynamics
quant-ph/0511096	pdf-only	pdf/0511/0511096v2.pdf	Knot Invariants
quant-ph/0512159	pdf-only	pdf/0512/0512159v1.pdf	Adiabatic Algorithms
quant-ph/0601001	pdf-only	pdf/0601/0601001v1.pdf	Matrix Elements and Multiplicity Coefficients of Group Representations
quant-ph/0603069	pdf-only	pdf/0603/0603069v3.pdf	Knot Invariants
quant-ph/0603175	pdf-only	pdf/0603/0603175v3.pdf	Adiabatic Algorithms
quant-ph/0604172	pdf-only	pdf/0604/0604172v1.pdf	Non-Abelian Hidden Subgroup
quant-ph/0604193	pdf-only	pdf/0604/0604193v1.pdf	Preparing Eigenstates and Thermal States
quant-ph/0605181	pdf-only	pdf/0605/0605181v5.pdf	Knot Invariants
quant-ph/0606114	pdf-only	pdf/0606/0606114v3.pdf	Three-manifold Invariants
quant-ph/0606140	pdf-only	pdf/0606/0606140v4.pdf	Adiabatic Algorithms
quant-ph/0606229	pdf-only	pdf/0606/0606229v2.pdf	Matrix Powers
quant-ph/0608026	pdf-only	pdf/0608/0608026v4.pdf	Graph Properties in the Adjacency Matrix Model
quant-ph/0608161	pdf-only	pdf/0608/0608161v1.pdf	Ordered Search
quant-ph/0610235	pdf-only	pdf/0610/0610235v2.pdf	String Rewriting
quant-ph/0612101	pdf-only	pdf/0612/0612101v1.pdf	Preparing Eigenstates and Thermal States
quant-ph/0701235	pdf-only	pdf/0701/0701235v1.pdf	Non-Abelian Hidden Subgroup
quant-ph/0702008	pdf-only	pdf/0702/0702008v1.pdf	Knot Invariants; Partition Functions
quant-ph/0702144	pdf-only	pdf/0702/0702144v2.pdf	Formula Evaluation
quant-ph/0702160	pdf-only	pdf/0702/0702160v2.pdf	Formula Evaluation
quant-ph/0702241	pdf-only	pdf/0702/0702241v2.pdf	Adiabatic Algorithms
quant-ph/0703015	pdf-only	pdf/0703/0703015v3.pdf	Formula Evaluation
quant-ph/0703023	pdf-only	pdf/0703/0703023v1.pdf	Gauss Sums; Partition Functions
quant-ph/0703037	pdf-only	pdf/0703/0703037v2.pdf	Three-manifold Invariants
quant-ph/0703223	pdf-only	pdf/0703/0703223v2.pdf	Non-Abelian Hidden Subgroup
quant-ph/0703231	pdf-only	pdf/0703/0703231v2.pdf	Ordered Search
quant-ph/9508005	pdf-only	pdf/9508/9508005v3.pdf	Primality Proving
quant-ph/9508027	pdf-only	pdf/9508/9508027v2.pdf	Factoring; Discrete-log; Quantum Cryptanalysis
quant-ph/9603026	pdf-only	pdf/9603/9603026v2.pdf	Simulating Quantum Hamiltonian Dynamics
quant-ph/9603028	pdf-only	pdf/9603/9603028v1.pdf	Simulating Quantum Hamiltonian Dynamics
quant-ph/9605043	pdf-only	pdf/9605/9605043v3.pdf	Searching
quant-ph/9607014	pdf-only	pdf/9607/9607014v2.pdf	Searching; Graph Properties in the Adjacency Matrix Model
quant-ph/9701001	pdf-only	pdf/9701/9701001v1.pdf	Searching; Pattern matching
quant-ph/9701019	pdf-only	pdf/9701/9701019v2.pdf	Simulating Quantum Hamiltonian Dynamics
quant-ph/9703054	pdf-only	pdf/9703/9703054v1.pdf	Simulating Quantum Hamiltonian Dynamics
quant-ph/9705002	pdf-only	pdf/9705/9705002v1.pdf	Collision Finding and Element Distinctness
quant-ph/9705041	pdf-only	pdf/9705/9705041v4.pdf	Counterfeit Coins
quant-ph/9804066	pdf-only	pdf/9804/9804066v2.pdf	Searching
quant-ph/9805082	pdf-only	pdf/9805/9805082v1.pdf	Searching; Statistical Difference
quant-ph/9807009	pdf-only	pdf/9807/9807009v1.pdf	Simulating Quantum Hamiltonian Dynamics
quant-ph/9807027	pdf-only	pdf/9807/9807027v2.pdf	Searching
quant-ph/9807029	pdf-only	pdf/9807/9807029v1.pdf	Hidden Shift
quant-ph/9812070	pdf-only	pdf/9812/9812070v1.pdf	Non-Abelian Hidden Subgroup
quant-ph/9901059	pdf-only	pdf/9901/9901059v1.pdf	Ordered Search
quant-ph/9909094	pdf-only	pdf/9909/9909094v1.pdf	Weight Enumerators
